cars,big,design,radar,such
etc,phase,diesels,reason,fact
space,toronto,bright,lexus,surface
mission,hst,ground,alaska,bright
car,miles,engine,don,performance
edu,writes,years,don,bill
bill,great,email,moon,local
henry,astronomy,curious,wondering,extended
feel,orbit,operations,make,long
system,degree,spacecraft,insurance,oort
cost,second,life,case,black
edu,gif,ship,capability,incoming
car,couple,george,cars,stick
even,point,such,ship,high
edu,writes,years,use,based
shuttle,station,option,order,mission
insurance,geico,two,quite,make
engine,power,write,nice,original
sky,light,important,night,group
oil,insurance,lights,seats,cmu
