henry,tires,edu,hst,gear
station,launch,differential,redesign,geico
edu,torque,phase,launch,boost
space,radar,org,program,world
book,change,range,manual,stuff
last,temperature,blah,fast,questions
space,engr,gov,companies,interested
driving,solar,driver,toyota,ford
clutch,things,writes,center,volume
engine,operations,car,bad,write
mission,front,changing,protection,pat
sky,option,light,flights,oort
etc,wouldn,term,jsc,remember
car,haven,lot,nasa,station
large,question,temperature,worth,wanted
mustang,sci,pay,infiniti,common
want,fast,even,make,time
edu,big,week,abs,nasa
oil,small,lights,ics,capability
edu,mph,gauge,big,bmw
